{"cameraMode":{"drawMode":0,"name":"Shaded","section":"Shading Mode"},"sceneLighting":true,"audioPlay":false,"sceneViewState":{"showFog":true,"showMaterialUpdate":true,"showSkybox":true,"showFlares":true,"showImageEffects":true,"showParticleSystems":true},"in2DMode":false,"pivot":{"x":-6.823905944824219,"y":6.083000183105469,"z":17.148391723632814},"rotation":{"x":-0.14796535670757295,"y":-0.8503777980804443,"z":0.38467222452163699,"w":-0.3271031379699707},"size":10.0,"orthographic":false}