{"cameraMode":{"drawMode":0,"name":"Shaded","section":"Shading Mode"},"sceneLighting":true,"audioPlay":false,"sceneViewState":{"showFog":true,"showMaterialUpdate":true,"showSkybox":true,"showFlares":true,"showImageEffects":true,"showParticleSystems":true},"in2DMode":false,"pivot":{"x":5.52797794342041,"y":-9.309788703918457,"z":23.729888916015626},"rotation":{"x":-0.33695709705352785,"y":0.18693125247955323,"z":-0.06844741851091385,"w":-0.9202345013618469},"size":36.97570037841797,"orthographic":false}