{"cameraMode":{"drawMode":0,"name":"Shaded","section":"Shading Mode"},"sceneLighting":false,"audioPlay":false,"sceneViewState":{"showFog":true,"showMaterialUpdate":true,"showSkybox":true,"showFlares":true,"showImageEffects":true,"showParticleSystems":true},"in2DMode":false,"pivot":{"x":4.76837158203125e-7,"y":1.6473795175552369,"z":0.0},"rotation":{"x":0.2360759973526001,"y":0.6788433790206909,"z":-0.24650037288665772,"w":0.6501365303993225},"size":44.781551361083987,"orthographic":false}