{"cameraMode":{"drawMode":0,"name":"Shaded","section":"Shading Mode"},"sceneLighting":false,"audioPlay":false,"sceneViewState":{"showFog":true,"showMaterialUpdate":true,"showSkybox":true,"showFlares":true,"showImageEffects":true,"showParticleSystems":true},"in2DMode":false,"pivot":{"x":-0.18073707818984986,"y":-0.0671234130859375,"z":-2.6207807064056398},"rotation":{"x":0.005872229114174843,"y":0.9837747812271118,"z":-0.1762915402650833,"w":0.032772041857242587},"size":6.173308372497559,"orthographic":false}