{"cameraMode":{"drawMode":0,"name":"Shaded","section":"Shading Mode"},"sceneLighting":false,"audioPlay":false,"sceneViewState":{"showFog":true,"showMaterialUpdate":true,"showSkybox":true,"showFlares":true,"showImageEffects":true,"showParticleSystems":true},"in2DMode":false,"pivot":{"x":0.8899999856948853,"y":0.7100000381469727,"z":8.5600004196167},"rotation":{"x":0.28354108333587649,"y":0.7128069996833801,"z":-0.40889954566955569,"w":0.4942791163921356},"size":4.041658401489258,"orthographic":false}