{"cameraMode":{"drawMode":0,"name":"Shaded","section":"Shading Mode"},"sceneLighting":false,"audioPlay":false,"sceneViewState":{"showFog":true,"showMaterialUpdate":true,"showSkybox":true,"showFlares":true,"showImageEffects":true,"showParticleSystems":true},"in2DMode":false,"pivot":{"x":-0.027574896812438966,"y":0.7359075546264648,"z":0.09740519523620606},"rotation":{"x":-0.03997006639838219,"y":0.9542704224586487,"z":-0.1489296406507492,"w":-0.25610604882240298},"size":8.12508773803711,"orthographic":false}