{"cameraMode":{"drawMode":0,"name":"Shaded","section":"Shading Mode"},"sceneLighting":true,"audioPlay":false,"sceneViewState":{"showFog":true,"showMaterialUpdate":true,"showSkybox":true,"showFlares":true,"showImageEffects":true,"showParticleSystems":true},"in2DMode":false,"pivot":{"x":163.90548706054688,"y":-141.70184326171876,"z":-238.42059326171876},"rotation":{"x":0.0657043531537056,"y":0.9321060180664063,"z":-0.21663273870944978,"w":0.2827220857143402},"size":385.5863342285156,"orthographic":false}