{"cameraMode":{"drawMode":0,"name":"Shaded","section":"Shading Mode"},"sceneLighting":false,"audioPlay":false,"sceneViewState":{"showFog":true,"showMaterialUpdate":true,"showSkybox":true,"showFlares":true,"showImageEffects":true,"showParticleSystems":true},"in2DMode":false,"pivot":{"x":-1.0932729244232178,"y":2.504760980606079,"z":0.1010141372680664},"rotation":{"x":-0.053594402968883517,"y":0.9460580945014954,"z":-0.21236930787563325,"w":-0.2387489676475525},"size":9.244662284851075,"orthographic":false}