{"cameraMode":{"drawMode":0,"name":"Shaded","section":"Shading Mode"},"sceneLighting":false,"audioPlay":false,"sceneViewState":{"showFog":true,"showMaterialUpdate":true,"showSkybox":true,"showFlares":true,"showImageEffects":true,"showParticleSystems":true},"in2DMode":false,"pivot":{"x":-3.384836435317993,"y":-1.9259456396102906,"z":-10.879243850708008},"rotation":{"x":0.01585952751338482,"y":-0.9841228127479553,"z":0.12197808176279068,"w":0.1279541254043579},"size":7.262117385864258,"orthographic":false}