{"cameraMode":{"drawMode":0,"name":"Shaded","section":"Shading Mode"},"sceneLighting":false,"audioPlay":false,"sceneViewState":{"showFog":true,"showMaterialUpdate":true,"showSkybox":true,"showFlares":true,"showImageEffects":true,"showParticleSystems":true},"in2DMode":false,"pivot":{"x":-4.603111267089844,"y":-1.998094081878662,"z":-10.538225173950196},"rotation":{"x":0.01585952751338482,"y":-0.9841228127479553,"z":0.12197808176279068,"w":0.1279541254043579},"size":20.038698196411134,"orthographic":false}